20210104 000000000,1.19960,1.19980,0
20210104 000100000,1.20055,1.20075,0
20210104 000200000,1.20149,1.20169,0
20210104 000300000,1.20243,1.20263,0
20210104 000400000,1.20335,1.20355,0
20210104 000500000,1.20344,1.20364,0
20210104 000600000,1.20434,1.20454,0
20210104 000700000,1.20523,1.20543,0
20210104 000800000,1.20610,1.20630,0
20210104 000900000,1.20694,1.20714,0
20210104 001000000,1.20693,1.20713,0
20210104 001100000,1.20773,1.20793,0
20210104 001200000,1.20850,1.20870,0
20210104 001300000,1.20924,1.20944,0
20210104 001400000,1.20912,1.20932,0
20210104 001500000,1.20979,1.20999,0
20210104 001600000,1.21044,1.21064,0
20210104 001700000,1.21105,1.21125,0
20210104 001800000,1.21162,1.21182,0
20210104 001900000,1.21132,1.21152,0
20210104 002000000,1.21182,1.21202,0
20210104 002100000,1.21229,1.21249,0
20210104 002200000,1.21271,1.21291,0
20210104 002300000,1.21226,1.21246,0
20210104 002400000,1.21262,1.21282,0
20210104 002500000,1.21293,1.21313,0
20210104 002600000,1.21321,1.21341,0
20210104 002700000,1.21346,1.21366,0
20210104 002800000,1.21283,1.21303,0
20210104 002900000,1.21301,1.21321,0
20210104 003000000,1.21316,1.21336,0
20210104 003100000,1.21328,1.21348,0
20210104 003200000,1.21338,1.21358,0
20210104 003300000,1.21261,1.21281,0
20210104 003400000,1.21265,1.21285,0
20210104 003500000,1.21268,1.21288,0
20210104 003600000,1.21269,1.21289,0
20210104 003700000,1.21184,1.21204,0
20210104 003800000,1.21182,1.21202,0
20210104 003900000,1.21178,1.21198,0
20210104 004000000,1.21174,1.21194,0
20210104 004100000,1.21169,1.21189,0
20210104 004200000,1.21081,1.21101,0
20210104 004300000,1.21076,1.21096,0
20210104 004400000,1.21071,1.21091,0
20210104 004500000,1.21067,1.21087,0
20210104 004600000,1.20979,1.20999,0
20210104 004700000,1.20977,1.20997,0
20210104 004800000,1.20976,1.20996,0
20210104 004900000,1.20976,1.20996,0
20210104 005000000,1.20978,1.20998,0
20210104 005100000,1.20898,1.20918,0
20210104 005200000,1.20904,1.20924,0
20210104 005300000,1.20912,1.20932,0
20210104 005400000,1.20922,1.20942,0
20210104 005500000,1.20935,1.20955,0
20210104 005600000,1.20868,1.20888,0
20210104 005700000,1.20887,1.20907,0
20210104 005800000,1.20908,1.20928,0
20210104 005900000,1.20933,1.20953,0
20210104 010000000,1.20877,1.20897,0
20210104 010100000,1.20908,1.20928,0
20210104 010200000,1.20942,1.20962,0
20210104 010300000,1.20979,1.20999,0
20210104 010400000,1.21019,1.21039,0
20210104 010500000,1.20979,1.20999,0
20210104 010600000,1.21025,1.21045,0
20210104 010700000,1.21074,1.21094,0
20210104 010800000,1.21125,1.21145,0
20210104 010900000,1.21096,1.21116,0
20210104 011000000,1.21153,1.21173,0
20210104 011100000,1.21212,1.21232,0
20210104 011200000,1.21273,1.21293,0
20210104 011300000,1.21336,1.21356,0
20210104 011400000,1.21317,1.21337,0
20210104 011500000,1.21383,1.21403,0
20210104 011600000,1.21451,1.21471,0
20210104 011700000,1.21520,1.21540,0
20210104 011800000,1.21589,1.21609,0
20210104 011900000,1.21575,1.21595,0
20210104 012000000,1.21645,1.21665,0
20210104 012100000,1.21715,1.21735,0
20210104 012200000,1.21785,1.21805,0
20210104 012300000,1.21771,1.21791,0
20210104 012400000,1.21839,1.21859,0
20210104 012500000,1.21906,1.21926,0
20210104 012600000,1.21972,1.21992,0
20210104 012700000,1.22036,1.22056,0
20210104 012800000,1.22015,1.22035,0
20210104 012900000,1.22075,1.22095,0
20210104 013000000,1.22132,1.22152,0
20210104 013100000,1.22187,1.22207,0
20210104 013200000,1.22156,1.22176,0
20210104 013300000,1.22205,1.22225,0
20210104 013400000,1.22251,1.22271,0
20210104 013500000,1.22294,1.22314,0
20210104 013600000,1.22333,1.22353,0
20210104 013700000,1.22285,1.22305,0
20210104 013800000,1.22317,1.22337,0
20210104 013900000,1.22344,1.22364,0
20210104 014000000,1.22368,1.22388,0
20210104 014100000,1.22388,1.22408,0
20210104 014200000,1.22321,1.22341,0
20210104 014300000,1.22332,1.22352,0
20210104 014400000,1.22340,1.22360,0
20210104 014500000,1.22344,1.22364,0
20210104 014600000,1.22261,1.22281,0
20210104 014700000,1.22257,1.22277,0
20210104 014800000,1.22249,1.22269,0
20210104 014900000,1.22238,1.22258,0
20210104 015000000,1.22223,1.22243,0
20210104 015100000,1.22121,1.22141,0
20210104 015200000,1.22100,1.22120,0
20210104 015300000,1.22075,1.22095,0
20210104 015400000,1.22048,1.22068,0
20210104 015500000,1.21935,1.21955,0
20210104 015600000,1.21903,1.21923,0
20210104 015700000,1.21868,1.21888,0
20210104 015800000,1.21832,1.21852,0
20210104 015900000,1.21794,1.21814,0
20210104 020000000,1.21672,1.21692,0
20210104 020100000,1.21631,1.21651,0
20210104 020200000,1.21590,1.21610,0
20210104 020300000,1.21549,1.21569,0
20210104 020400000,1.21507,1.21527,0
20210104 020500000,1.21381,1.21401,0
20210104 020600000,1.21340,1.21360,0
20210104 020700000,1.21299,1.21319,0
20210104 020800000,1.21259,1.21279,0
20210104 020900000,1.21136,1.21156,0
20210104 021000000,1.21098,1.21118,0
20210104 021100000,1.21062,1.21082,0
20210104 021200000,1.21028,1.21048,0
20210104 021300000,1.20995,1.21015,0
20210104 021400000,1.20882,1.20902,0
20210104 021500000,1.20854,1.20874,0
20210104 021600000,1.20829,1.20849,0
20210104 021700000,1.20807,1.20827,0
20210104 021800000,1.20704,1.20724,0
20210104 021900000,1.20687,1.20707,0
20210104 022000000,1.20674,1.20694,0
20210104 022100000,1.20664,1.20684,0
20210104 022200000,1.20657,1.20677,0
20210104 022300000,1.20570,1.20590,0
20210104 022400000,1.20569,1.20589,0
20210104 022500000,1.20572,1.20592,0
20210104 022600000,1.20578,1.20598,0
20210104 022700000,1.20588,1.20608,0
20210104 022800000,1.20517,1.20537,0
20210104 022900000,1.20532,1.20552,0
20210104 023000000,1.20551,1.20571,0
20210104 023100000,1.20572,1.20592,0
20210104 023200000,1.20513,1.20533,0
20210104 023300000,1.20540,1.20560,0
20210104 023400000,1.20569,1.20589,0
20210104 023500000,1.20600,1.20620,0
20210104 023600000,1.20633,1.20653,0
20210104 023700000,1.20585,1.20605,0
20210104 023800000,1.20621,1.20641,0
20210104 023900000,1.20659,1.20679,0
20210104 024000000,1.20698,1.20718,0
20210104 024100000,1.20654,1.20674,0
20210104 024200000,1.20694,1.20714,0
20210104 024300000,1.20734,1.20754,0
20210104 024400000,1.20775,1.20795,0
20210104 024500000,1.20815,1.20835,0
20210104 024600000,1.20771,1.20791,0
20210104 024700000,1.20810,1.20830,0
20210104 024800000,1.20848,1.20868,0
20210104 024900000,1.20884,1.20904,0
20210104 025000000,1.20919,1.20939,0
20210104 025100000,1.20869,1.20889,0
20210104 025200000,1.20900,1.20920,0
20210104 025300000,1.20929,1.20949,0
20210104 025400000,1.20956,1.20976,0
20210104 025500000,1.20897,1.20917,0
20210104 025600000,1.20918,1.20938,0
20210104 025700000,1.20936,1.20956,0
20210104 025800000,1.20952,1.20972,0
20210104 025900000,1.20964,1.20984,0
20210104 030000000,1.20890,1.20910,0
20210104 030100000,1.20895,1.20915,0
20210104 030200000,1.20898,1.20918,0
20210104 030300000,1.20896,1.20916,0
20210104 030400000,1.20808,1.20828,0
20210104 030500000,1.20800,1.20820,0
20210104 030600000,1.20789,1.20809,0
20210104 030700000,1.20774,1.20794,0
20210104 030800000,1.20756,1.20776,0
20210104 030900000,1.20651,1.20671,0
20210104 031000000,1.20626,1.20646,0
20210104 031100000,1.20599,1.20619,0
20210104 031200000,1.20569,1.20589,0
20210104 031300000,1.20535,1.20555,0
20210104 031400000,1.20416,1.20436,0
20210104 031500000,1.20378,1.20398,0
20210104 031600000,1.20338,1.20358,0
20210104 031700000,1.20297,1.20317,0
20210104 031800000,1.20169,1.20189,0
20210104 031900000,1.20124,1.20144,0
20210104 032000000,1.20078,1.20098,0
20210104 032100000,1.20031,1.20051,0
20210104 032200000,1.19984,1.20004,0
20210104 032300000,1.19852,1.19872,0
20210104 032400000,1.19804,1.19824,0
20210104 032500000,1.19756,1.19776,0
20210104 032600000,1.19709,1.19729,0
20210104 032700000,1.19579,1.19599,0
20210104 032800000,1.19533,1.19553,0
20210104 032900000,1.19489,1.19509,0
20210104 033000000,1.19447,1.19467,0
20210104 033100000,1.19406,1.19426,0
20210104 033200000,1.19284,1.19304,0
20210104 033300000,1.19247,1.19267,0
20210104 033400000,1.19213,1.19233,0
20210104 033500000,1.19182,1.19202,0
20210104 033600000,1.19154,1.19174,0
20210104 033700000,1.19046,1.19066,0
20210104 033800000,1.19024,1.19044,0
20210104 033900000,1.19006,1.19026,0
20210104 034000000,1.18991,1.19011,0
20210104 034100000,1.18897,1.18917,0
20210104 034200000,1.18890,1.18910,0
20210104 034300000,1.18887,1.18907,0
20210104 034400000,1.18887,1.18907,0
20210104 034500000,1.18892,1.18912,0
20210104 034600000,1.18817,1.18837,0
20210104 034700000,1.18830,1.18850,0
20210104 034800000,1.18846,1.18866,0
20210104 034900000,1.18866,1.18886,0
20210104 035000000,1.18807,1.18827,0
20210104 035100000,1.18835,1.18855,0
20210104 035200000,1.18866,1.18886,0
20210104 035300000,1.18901,1.18921,0
20210104 035400000,1.18939,1.18959,0
20210104 035500000,1.18896,1.18916,0
20210104 035600000,1.18940,1.18960,0
20210104 035700000,1.18987,1.19007,0
20210104 035800000,1.19036,1.19056,0
20210104 035900000,1.19088,1.19108,0
20210104 040000000,1.19058,1.19078,0
20210104 040100000,1.19113,1.19133,0
20210104 040200000,1.19170,1.19190,0
20210104 040300000,1.19229,1.19249,0
20210104 040400000,1.19204,1.19224,0
20210104 040500000,1.19264,1.19284,0
20210104 040600000,1.19325,1.19345,0
20210104 040700000,1.19386,1.19406,0
20210104 040800000,1.19447,1.19467,0
20210104 040900000,1.19423,1.19443,0
20210104 041000000,1.19483,1.19503,0
20210104 041100000,1.19542,1.19562,0
20210104 041200000,1.19600,1.19620,0
20210104 041300000,1.19573,1.19593,0
20210104 041400000,1.19628,1.19648,0
20210104 041500000,1.19682,1.19702,0
20210104 041600000,1.19733,1.19753,0
20210104 041700000,1.19782,1.19802,0
20210104 041800000,1.19745,1.19765,0
20210104 041900000,1.19790,1.19810,0
20210104 042000000,1.19832,1.19852,0
20210104 042100000,1.19871,1.19891,0
20210104 042200000,1.19907,1.19927,0
20210104 042300000,1.19856,1.19876,0
20210104 042400000,1.19887,1.19907,0
20210104 042500000,1.19914,1.19934,0
20210104 042600000,1.19938,1.19958,0
20210104 042700000,1.19876,1.19896,0
20210104 042800000,1.19894,1.19914,0
20210104 042900000,1.19909,1.19929,0
20210104 043000000,1.19921,1.19941,0
20210104 043100000,1.19930,1.19950,0
20210104 043200000,1.19853,1.19873,0
20210104 043300000,1.19857,1.19877,0
20210104 043400000,1.19859,1.19879,0
20210104 043500000,1.19858,1.19878,0
20210104 043600000,1.19771,1.19791,0
20210104 043700000,1.19766,1.19786,0
20210104 043800000,1.19759,1.19779,0
20210104 043900000,1.19751,1.19771,0
20210104 044000000,1.19741,1.19761,0
20210104 044100000,1.19647,1.19667,0
20210104 044200000,1.19635,1.19655,0
20210104 044300000,1.19623,1.19643,0
20210104 044400000,1.19611,1.19631,0
20210104 044500000,1.19598,1.19618,0
20210104 044600000,1.19502,1.19522,0
20210104 044700000,1.19490,1.19510,0
20210104 044800000,1.19479,1.19499,0
20210104 044900000,1.19469,1.19489,0
20210104 045000000,1.19376,1.19396,0
20210104 045100000,1.19369,1.19389,0
20210104 045200000,1.19363,1.19383,0
20210104 045300000,1.19360,1.19380,0
20210104 045400000,1.19358,1.19378,0
20210104 045500000,1.19276,1.19296,0
20210104 045600000,1.19280,1.19300,0
20210104 045700000,1.19286,1.19306,0
20210104 045800000,1.19296,1.19316,0
20210104 045900000,1.19225,1.19245,0
20210104 050000000,1.19242,1.19262,0
20210104 050100000,1.19262,1.19282,0
20210104 050200000,1.19285,1.19305,0
20210104 050300000,1.19312,1.19332,0
20210104 050400000,1.19260,1.19280,0
20210104 050500000,1.19295,1.19315,0
20210104 050600000,1.19333,1.19353,0
20210104 050700000,1.19376,1.19396,0
20210104 050800000,1.19422,1.19442,0
20210104 050900000,1.19389,1.19409,0
20210104 051000000,1.19443,1.19463,0
20210104 051100000,1.19501,1.19521,0
20210104 051200000,1.19562,1.19582,0
20210104 051300000,1.19543,1.19563,0
20210104 051400000,1.19611,1.19631,0
20210104 051500000,1.19683,1.19703,0
20210104 051600000,1.19757,1.19777,0
20210104 051700000,1.19834,1.19854,0
20210104 051800000,1.19831,1.19851,0
20210104 051900000,1.19913,1.19933,0
20210104 052000000,1.19998,1.20018,0
20210104 052100000,1.20085,1.20105,0
20210104 052200000,1.20089,1.20109,0
20210104 052300000,1.20179,1.20199,0
20210104 052400000,1.20270,1.20290,0
20210104 052500000,1.20362,1.20382,0
20210104 052600000,1.20455,1.20475,0
20210104 052700000,1.20464,1.20484,0
20210104 052800000,1.20557,1.20577,0
20210104 052900000,1.20650,1.20670,0
20210104 053000000,1.20742,1.20762,0
20210104 053100000,1.20834,1.20854,0
20210104 053200000,1.20841,1.20861,0
20210104 053300000,1.20930,1.20950,0
20210104 053400000,1.21018,1.21038,0
20210104 053500000,1.21104,1.21124,0
20210104 053600000,1.21104,1.21124,0
20210104 053700000,1.21186,1.21206,0
20210104 053800000,1.21266,1.21286,0
20210104 053900000,1.21342,1.21362,0
20210104 054000000,1.21416,1.21436,0
20210104 054100000,1.21403,1.21423,0
20210104 054200000,1.21471,1.21491,0
20210104 054300000,1.21536,1.21556,0
20210104 054400000,1.21597,1.21617,0
20210104 054500000,1.21571,1.21591,0
20210104 054600000,1.21625,1.21645,0
20210104 054700000,1.21676,1.21696,0
20210104 054800000,1.21723,1.21743,0
20210104 054900000,1.21767,1.21787,0
20210104 055000000,1.21723,1.21743,0
20210104 055100000,1.21760,1.21780,0
20210104 055200000,1.21793,1.21813,0
20210104 055300000,1.21823,1.21843,0
20210104 055400000,1.21849,1.21869,0
20210104 055500000,1.21789,1.21809,0
20210104 055600000,1.21809,1.21829,0
20210104 055700000,1.21827,1.21847,0
20210104 055800000,1.21842,1.21862,0
20210104 055900000,1.21771,1.21791,0
20210104 060000000,1.21781,1.21801,0
20210104 060100000,1.21789,1.21809,0
20210104 060200000,1.21795,1.21815,0
20210104 060300000,1.21799,1.21819,0
20210104 060400000,1.21719,1.21739,0
20210104 060500000,1.21721,1.21741,0
20210104 060600000,1.21722,1.21742,0
20210104 060700000,1.21722,1.21742,0
20210104 060800000,1.21639,1.21659,0
20210104 060900000,1.21639,1.21659,0
20210104 061000000,1.21639,1.21659,0
20210104 061100000,1.21640,1.21660,0
20210104 061200000,1.21641,1.21661,0
20210104 061300000,1.21560,1.21580,0
20210104 061400000,1.21564,1.21584,0
20210104 061500000,1.21569,1.21589,0
20210104 061600000,1.21575,1.21595,0
20210104 061700000,1.21584,1.21604,0
20210104 061800000,1.21511,1.21531,0
20210104 061900000,1.21524,1.21544,0
20210104 062000000,1.21539,1.21559,0
20210104 062100000,1.21557,1.21577,0
20210104 062200000,1.21495,1.21515,0
20210104 062300000,1.21518,1.21538,0
20210104 062400000,1.21545,1.21565,0
20210104 062500000,1.21574,1.21594,0
20210104 062600000,1.21607,1.21627,0
20210104 062700000,1.21560,1.21580,0
20210104 062800000,1.21599,1.21619,0
20210104 062900000,1.21641,1.21661,0
20210104 063000000,1.21687,1.21707,0
20210104 063100000,1.21652,1.21672,0
20210104 063200000,1.21704,1.21724,0
20210104 063300000,1.21758,1.21778,0
20210104 063400000,1.21816,1.21836,0
20210104 063500000,1.21877,1.21897,0
20210104 063600000,1.21856,1.21876,0
20210104 063700000,1.21922,1.21942,0
20210104 063800000,1.21990,1.22010,0
20210104 063900000,1.22060,1.22080,0
20210104 064000000,1.22132,1.22152,0
20210104 064100000,1.22122,1.22142,0
20210104 064200000,1.22198,1.22218,0
20210104 064300000,1.22274,1.22294,0
20210104 064400000,1.22352,1.22372,0
20210104 064500000,1.22346,1.22366,0
20210104 064600000,1.22425,1.22445,0
20210104 064700000,1.22504,1.22524,0
20210104 064800000,1.22583,1.22603,0
20210104 064900000,1.22662,1.22682,0
20210104 065000000,1.22656,1.22676,0
20210104 065100000,1.22733,1.22753,0
20210104 065200000,1.22809,1.22829,0
20210104 065300000,1.22884,1.22904,0
20210104 065400000,1.22873,1.22893,0
20210104 065500000,1.22944,1.22964,0
20210104 065600000,1.23012,1.23032,0
20210104 065700000,1.23079,1.23099,0
20210104 065800000,1.23142,1.23162,0
20210104 065900000,1.23119,1.23139,0
20210104 070000000,1.23177,1.23197,0
20210104 070100000,1.23231,1.23251,0
20210104 070200000,1.23282,1.23302,0
20210104 070300000,1.23330,1.23350,0
20210104 070400000,1.23290,1.23310,0
20210104 070500000,1.23330,1.23350,0
20210104 070600000,1.23366,1.23386,0
20210104 070700000,1.23398,1.23418,0
20210104 070800000,1.23343,1.23363,0
20210104 070900000,1.23367,1.23387,0
20210104 071000000,1.23387,1.23407,0
20210104 071100000,1.23403,1.23423,0
20210104 071200000,1.23415,1.23435,0
20210104 071300000,1.23339,1.23359,0
20210104 071400000,1.23343,1.23363,0
20210104 071500000,1.23344,1.23364,0
20210104 071600000,1.23340,1.23360,0
20210104 071700000,1.23250,1.23270,0
20210104 071800000,1.23240,1.23260,0
20210104 071900000,1.23227,1.23247,0
20210104 072000000,1.23210,1.23230,0
20210104 072100000,1.23191,1.23211,0
20210104 072200000,1.23086,1.23106,0
20210104 072300000,1.23062,1.23082,0
20210104 072400000,1.23036,1.23056,0
20210104 072500000,1.23007,1.23027,0
20210104 072600000,1.22978,1.22998,0
20210104 072700000,1.22863,1.22883,0
20210104 072800000,1.22831,1.22851,0
20210104 072900000,1.22798,1.22818,0
20210104 073000000,1.22765,1.22785,0
20210104 073100000,1.22647,1.22667,0
20210104 073200000,1.22613,1.22633,0
20210104 073300000,1.22580,1.22600,0
20210104 073400000,1.22547,1.22567,0
20210104 073500000,1.22515,1.22535,0
20210104 073600000,1.22400,1.22420,0
20210104 073700000,1.22370,1.22390,0
20210104 073800000,1.22342,1.22362,0
20210104 073900000,1.22316,1.22336,0
20210104 074000000,1.22208,1.22228,0
20210104 074100000,1.22186,1.22206,0
20210104 074200000,1.22166,1.22186,0
20210104 074300000,1.22148,1.22168,0
20210104 074400000,1.22134,1.22154,0
20210104 074500000,1.22038,1.22058,0
20210104 074600000,1.22029,1.22049,0
20210104 074700000,1.22023,1.22043,0
20210104 074800000,1.22020,1.22040,0
20210104 074900000,1.22020,1.22040,0
20210104 075000000,1.21940,1.21960,0
20210104 075100000,1.21947,1.21967,0
20210104 075200000,1.21956,1.21976,0
20210104 075300000,1.21969,1.21989,0
20210104 075400000,1.21902,1.21922,0
20210104 075500000,1.21920,1.21940,0
20210104 075600000,1.21942,1.21962,0
20210104 075700000,1.21967,1.21987,0
20210104 075800000,1.21994,1.22014,0
20210104 075900000,1.21940,1.21960,0
20210104 080000000,1.21972,1.21992,0
20210104 080100000,1.22007,1.22027,0
20210104 080200000,1.22043,1.22063,0
20210104 080300000,1.21997,1.22017,0
20210104 080400000,1.22037,1.22057,0
20210104 080500000,1.22078,1.22098,0
20210104 080600000,1.22120,1.22140,0
20210104 080700000,1.22162,1.22182,0
20210104 080800000,1.22122,1.22142,0
20210104 080900000,1.22166,1.22186,0
20210104 081000000,1.22209,1.22229,0
20210104 081100000,1.22253,1.22273,0
20210104 081200000,1.22296,1.22316,0
20210104 081300000,1.22254,1.22274,0
20210104 081400000,1.22295,1.22315,0
20210104 081500000,1.22335,1.22355,0
20210104 081600000,1.22374,1.22394,0
20210104 081700000,1.22327,1.22347,0
20210104 081800000,1.22362,1.22382,0
20210104 081900000,1.22394,1.22414,0
20210104 082000000,1.22424,1.22444,0
20210104 082100000,1.22452,1.22472,0
20210104 082200000,1.22393,1.22413,0
20210104 082300000,1.22414,1.22434,0
20210104 082400000,1.22433,1.22453,0
20210104 082500000,1.22448,1.22468,0
20210104 082600000,1.22377,1.22397,0
20210104 082700000,1.22385,1.22405,0
20210104 082800000,1.22390,1.22410,0
20210104 082900000,1.22392,1.22412,0
20210104 083000000,1.22389,1.22409,0
20210104 083100000,1.22300,1.22320,0
20210104 083200000,1.22291,1.22311,0
20210104 083300000,1.22278,1.22298,0
20210104 083400000,1.22261,1.22281,0
20210104 083500000,1.22241,1.22261,0
20210104 083600000,1.22134,1.22154,0
20210104 083700000,1.22108,1.22128,0
20210104 083800000,1.22078,1.22098,0
20210104 083900000,1.22045,1.22065,0
20210104 084000000,1.21926,1.21946,0
20210104 084100000,1.21888,1.21908,0
20210104 084200000,1.21847,1.21867,0
20210104 084300000,1.21805,1.21825,0
20210104 084400000,1.21760,1.21780,0
20210104 084500000,1.21630,1.21650,0
20210104 084600000,1.21582,1.21602,0
20210104 084700000,1.21532,1.21552,0
20210104 084800000,1.21482,1.21502,0
20210104 084900000,1.21347,1.21367,0
20210104 085000000,1.21296,1.21316,0
20210104 085100000,1.21244,1.21264,0
20210104 085200000,1.21193,1.21213,0
20210104 085300000,1.21142,1.21162,0
20210104 085400000,1.21008,1.21028,0
20210104 085500000,1.20959,1.20979,0
20210104 085600000,1.20911,1.20931,0
20210104 085700000,1.20864,1.20884,0
20210104 085800000,1.20819,1.20839,0
20210104 085900000,1.20693,1.20713,0
20210104 090000000,1.20652,1.20672,0
20210104 090100000,1.20614,1.20634,0
20210104 090200000,1.20579,1.20599,0
20210104 090300000,1.20463,1.20483,0
20210104 090400000,1.20433,1.20453,0
20210104 090500000,1.20407,1.20427,0
20210104 090600000,1.20384,1.20404,0
20210104 090700000,1.20364,1.20384,0
20210104 090800000,1.20265,1.20285,0
20210104 090900000,1.20253,1.20273,0
20210104 091000000,1.20244,1.20264,0
20210104 091100000,1.20240,1.20260,0
20210104 091200000,1.20156,1.20176,0
20210104 091300000,1.20159,1.20179,0
20210104 091400000,1.20165,1.20185,0
20210104 091500000,1.20176,1.20196,0
20210104 091600000,1.20190,1.20210,0
20210104 091700000,1.20125,1.20145,0
20210104 091800000,1.20146,1.20166,0
20210104 091900000,1.20171,1.20191,0
20210104 092000000,1.20200,1.20220,0
20210104 092100000,1.20231,1.20251,0
20210104 092200000,1.20182,1.20202,0
20210104 092300000,1.20219,1.20239,0
20210104 092400000,1.20259,1.20279,0
20210104 092500000,1.20301,1.20321,0
20210104 092600000,1.20261,1.20281,0
20210104 092700000,1.20307,1.20327,0
20210104 092800000,1.20355,1.20375,0
20210104 092900000,1.20404,1.20424,0
20210104 093000000,1.20455,1.20475,0
20210104 093100000,1.20422,1.20442,0
20210104 093200000,1.20474,1.20494,0
20210104 093300000,1.20526,1.20546,0
20210104 093400000,1.20578,1.20598,0
20210104 093500000,1.20547,1.20567,0
20210104 093600000,1.20598,1.20618,0
20210104 093700000,1.20649,1.20669,0
20210104 093800000,1.20699,1.20719,0
20210104 093900000,1.20748,1.20768,0
20210104 094000000,1.20712,1.20732,0
20210104 094100000,1.20757,1.20777,0
20210104 094200000,1.20801,1.20821,0
20210104 094300000,1.20843,1.20863,0
20210104 094400000,1.20882,1.20902,0
20210104 094500000,1.20836,1.20856,0
20210104 094600000,1.20870,1.20890,0
20210104 094700000,1.20902,1.20922,0
20210104 094800000,1.20931,1.20951,0
20210104 094900000,1.20874,1.20894,0
20210104 095000000,1.20897,1.20917,0
20210104 095100000,1.20917,1.20937,0
20210104 095200000,1.20934,1.20954,0
20210104 095300000,1.20948,1.20968,0
20210104 095400000,1.20876,1.20896,0
20210104 095500000,1.20884,1.20904,0
20210104 095600000,1.20889,1.20909,0
20210104 095700000,1.20891,1.20911,0
20210104 095800000,1.20806,1.20826,0
20210104 095900000,1.20803,1.20823,0
20210104 100000000,1.20797,1.20817,0
20210104 100100000,1.20788,1.20808,0
20210104 100200000,1.20778,1.20798,0
20210104 100300000,1.20681,1.20701,0
20210104 100400000,1.20667,1.20687,0
20210104 100500000,1.20650,1.20670,0
20210104 100600000,1.20632,1.20652,0
20210104 100700000,1.20613,1.20633,0
20210104 100800000,1.20510,1.20530,0
20210104 100900000,1.20489,1.20509,0
20210104 101000000,1.20467,1.20487,0
20210104 101100000,1.20446,1.20466,0
20210104 101200000,1.20341,1.20361,0
20210104 101300000,1.20320,1.20340,0
20210104 101400000,1.20299,1.20319,0
20210104 101500000,1.20279,1.20299,0
20210104 101600000,1.20261,1.20281,0
20210104 101700000,1.20160,1.20180,0
20210104 101800000,1.20145,1.20165,0
20210104 101900000,1.20131,1.20151,0
20210104 102000000,1.20120,1.20140,0
20210104 102100000,1.20027,1.20047,0
20210104 102200000,1.20021,1.20041,0
20210104 102300000,1.20017,1.20037,0
20210104 102400000,1.20016,1.20036,0
20210104 102500000,1.20019,1.20039,0
20210104 102600000,1.19941,1.19961,0
20210104 102700000,1.19951,1.19971,0
20210104 102800000,1.19964,1.19984,0
20210104 102900000,1.19981,1.20001,0
20210104 103000000,1.20001,1.20021,0
20210104 103100000,1.19942,1.19962,0
20210104 103200000,1.19971,1.19991,0
20210104 103300000,1.20003,1.20023,0
20210104 103400000,1.20040,1.20060,0
20210104 103500000,1.19997,1.20017,0
20210104 103600000,1.20041,1.20061,0
20210104 103700000,1.20089,1.20109,0
20210104 103800000,1.20141,1.20161,0
20210104 103900000,1.20197,1.20217,0
20210104 104000000,1.20173,1.20193,0
20210104 104100000,1.20235,1.20255,0
20210104 104200000,1.20301,1.20321,0
20210104 104300000,1.20371,1.20391,0
20210104 104400000,1.20359,1.20379,0
20210104 104500000,1.20434,1.20454,0
20210104 104600000,1.20511,1.20531,0
20210104 104700000,1.20591,1.20611,0
20210104 104800000,1.20673,1.20693,0
20210104 104900000,1.20673,1.20693,0
20210104 105000000,1.20758,1.20778,0
20210104 105100000,1.20844,1.20864,0
20210104 105200000,1.20931,1.20951,0
20210104 105300000,1.21019,1.21039,0
20210104 105400000,1.21024,1.21044,0
20210104 105500000,1.21113,1.21133,0
20210104 105600000,1.21201,1.21221,0
20210104 105700000,1.21289,1.21309,0
20210104 105800000,1.21293,1.21313,0
20210104 105900000,1.21379,1.21399,0
20210104 110000000,1.21465,1.21485,0
20210104 110100000,1.21549,1.21569,0
20210104 110200000,1.21631,1.21651,0
20210104 110300000,1.21627,1.21647,0
20210104 110400000,1.21706,1.21726,0
20210104 110500000,1.21781,1.21801,0
20210104 110600000,1.21855,1.21875,0
20210104 110700000,1.21841,1.21861,0
20210104 110800000,1.21909,1.21929,0
20210104 110900000,1.21974,1.21994,0
20210104 111000000,1.22035,1.22055,0
20210104 111100000,1.22094,1.22114,0
20210104 111200000,1.22065,1.22085,0
20210104 111300000,1.22117,1.22137,0
20210104 111400000,1.22165,1.22185,0
20210104 111500000,1.22210,1.22230,0
20210104 111600000,1.22252,1.22272,0
20210104 111700000,1.22207,1.22227,0
20210104 111800000,1.22241,1.22261,0
20210104 111900000,1.22273,1.22293,0
20210104 112000000,1.22302,1.22322,0
20210104 112100000,1.22243,1.22263,0
20210104 112200000,1.22266,1.22286,0
20210104 112300000,1.22286,1.22306,0
20210104 112400000,1.22303,1.22323,0
20210104 112500000,1.22317,1.22337,0
20210104 112600000,1.22246,1.22266,0
20210104 112700000,1.22256,1.22276,0
20210104 112800000,1.22265,1.22285,0
20210104 112900000,1.22271,1.22291,0
20210104 113000000,1.22193,1.22213,0
20210104 113100000,1.22197,1.22217,0
20210104 113200000,1.22201,1.22221,0
20210104 113300000,1.22204,1.22224,0
20210104 113400000,1.22206,1.22226,0
20210104 113500000,1.22125,1.22145,0
20210104 113600000,1.22127,1.22147,0
20210104 113700000,1.22130,1.22150,0
20210104 113800000,1.22133,1.22153,0
20210104 113900000,1.22138,1.22158,0
20210104 114000000,1.22060,1.22080,0
20210104 114100000,1.22067,1.22087,0
20210104 114200000,1.22076,1.22096,0
20210104 114300000,1.22086,1.22106,0
20210104 114400000,1.22015,1.22035,0
20210104 114500000,1.22030,1.22050,0
20210104 114600000,1.22048,1.22068,0
20210104 114700000,1.22068,1.22088,0
20210104 114800000,1.22091,1.22111,0
20210104 114900000,1.22033,1.22053,0
20210104 115000000,1.22062,1.22082,0
20210104 115100000,1.22094,1.22114,0
20210104 115200000,1.22130,1.22150,0
20210104 115300000,1.22085,1.22105,0
20210104 115400000,1.22126,1.22146,0
20210104 115500000,1.22172,1.22192,0
20210104 115600000,1.22220,1.22240,0
20210104 115700000,1.22272,1.22292,0
20210104 115800000,1.22244,1.22264,0
20210104 115900000,1.22302,1.22322,0
20210104 120000000,1.22364,1.22384,0
20210104 120100000,1.22428,1.22448,0
20210104 120200000,1.22496,1.22516,0
20210104 120300000,1.22482,1.22502,0
20210104 120400000,1.22555,1.22575,0
20210104 120500000,1.22630,1.22650,0
20210104 120600000,1.22708,1.22728,0
20210104 120700000,1.22703,1.22723,0
20210104 120800000,1.22784,1.22804,0
20210104 120900000,1.22867,1.22887,0
20210104 121000000,1.22951,1.22971,0
20210104 121100000,1.23036,1.23056,0
20210104 121200000,1.23038,1.23058,0
20210104 121300000,1.23124,1.23144,0
20210104 121400000,1.23211,1.23231,0
20210104 121500000,1.23298,1.23318,0
20210104 121600000,1.23300,1.23320,0
20210104 121700000,1.23386,1.23406,0
20210104 121800000,1.23470,1.23490,0
20210104 121900000,1.23554,1.23574,0
20210104 122000000,1.23636,1.23656,0
20210104 122100000,1.23633,1.23653,0
20210104 122200000,1.23711,1.23731,0
20210104 122300000,1.23788,1.23808,0
20210104 122400000,1.23862,1.23882,0
20210104 122500000,1.23933,1.23953,0
20210104 122600000,1.23918,1.23938,0
20210104 122700000,1.23983,1.24003,0
20210104 122800000,1.24045,1.24065,0
20210104 122900000,1.24104,1.24124,0
20210104 123000000,1.24076,1.24096,0
20210104 123100000,1.24127,1.24147,0
20210104 123200000,1.24175,1.24195,0
20210104 123300000,1.24219,1.24239,0
20210104 123400000,1.24259,1.24279,0
20210104 123500000,1.24211,1.24231,0
20210104 123600000,1.24243,1.24263,0
20210104 123700000,1.24271,1.24291,0
20210104 123800000,1.24295,1.24315,0
20210104 123900000,1.24232,1.24252,0
20210104 124000000,1.24248,1.24268,0
20210104 124100000,1.24260,1.24280,0
20210104 124200000,1.24269,1.24289,0
20210104 124300000,1.24274,1.24294,0
20210104 124400000,1.24192,1.24212,0
20210104 124500000,1.24190,1.24210,0
20210104 124600000,1.24185,1.24205,0
20210104 124700000,1.24177,1.24197,0
20210104 124800000,1.24167,1.24187,0
20210104 124900000,1.24070,1.24090,0
20210104 125000000,1.24055,1.24075,0
20210104 125100000,1.24037,1.24057,0
20210104 125200000,1.24018,1.24038,0
20210104 125300000,1.23914,1.23934,0
20210104 125400000,1.23891,1.23911,0
20210104 125500000,1.23868,1.23888,0
20210104 125600000,1.23844,1.23864,0
20210104 125700000,1.23820,1.23840,0
20210104 125800000,1.23712,1.23732,0
20210104 125900000,1.23687,1.23707,0
20210104 130000000,1.23663,1.23683,0
20210104 130100000,1.23639,1.23659,0
20210104 130200000,1.23533,1.23553,0
20210104 130300000,1.23511,1.23531,0
20210104 130400000,1.23491,1.23511,0
20210104 130500000,1.23472,1.23492,0
20210104 130600000,1.23455,1.23475,0
20210104 130700000,1.23356,1.23376,0
20210104 130800000,1.23343,1.23363,0
20210104 130900000,1.23333,1.23353,0
20210104 131000000,1.23325,1.23345,0
20210104 131100000,1.23319,1.23339,0
20210104 131200000,1.23233,1.23253,0
20210104 131300000,1.23233,1.23253,0
20210104 131400000,1.23236,1.23256,0
20210104 131500000,1.23243,1.23263,0
20210104 131600000,1.23168,1.23188,0
20210104 131700000,1.23181,1.23201,0
20210104 131800000,1.23196,1.23216,0
20210104 131900000,1.23215,1.23235,0
20210104 132000000,1.23236,1.23256,0
20210104 132100000,1.23177,1.23197,0
20210104 132200000,1.23204,1.23224,0
20210104 132300000,1.23234,1.23254,0
20210104 132400000,1.23267,1.23287,0
20210104 132500000,1.23219,1.23239,0
20210104 132600000,1.23256,1.23276,0
20210104 132700000,1.23296,1.23316,0
20210104 132800000,1.23338,1.23358,0
20210104 132900000,1.23382,1.23402,0
20210104 133000000,1.23343,1.23363,0
20210104 133100000,1.23390,1.23410,0
20210104 133200000,1.23438,1.23458,0
20210104 133300000,1.23486,1.23506,0
20210104 133400000,1.23536,1.23556,0
20210104 133500000,1.23501,1.23521,0
20210104 133600000,1.23551,1.23571,0
20210104 133700000,1.23601,1.23621,0
20210104 133800000,1.23650,1.23670,0
20210104 133900000,1.23615,1.23635,0
20210104 134000000,1.23662,1.23682,0
20210104 134100000,1.23709,1.23729,0
20210104 134200000,1.23753,1.23773,0
20210104 134300000,1.23796,1.23816,0
20210104 134400000,1.23754,1.23774,0
20210104 134500000,1.23793,1.23813,0
20210104 134600000,1.23829,1.23849,0
20210104 134700000,1.23863,1.23883,0
20210104 134800000,1.23811,1.23831,0
20210104 134900000,1.23839,1.23859,0
20210104 135000000,1.23864,1.23884,0
20210104 135100000,1.23885,1.23905,0
20210104 135200000,1.23904,1.23924,0
20210104 135300000,1.23835,1.23855,0
20210104 135400000,1.23846,1.23866,0
20210104 135500000,1.23853,1.23873,0
20210104 135600000,1.23857,1.23877,0
20210104 135700000,1.23857,1.23877,0
20210104 135800000,1.23769,1.23789,0
20210104 135900000,1.23761,1.23781,0
20210104 140000000,1.23750,1.23770,0
20210104 140100000,1.23735,1.23755,0
20210104 140200000,1.23632,1.23652,0
20210104 140300000,1.23610,1.23630,0
20210104 140400000,1.23584,1.23604,0
20210104 140500000,1.23556,1.23576,0
20210104 140600000,1.23524,1.23544,0
20210104 140700000,1.23405,1.23425,0
20210104 140800000,1.23367,1.23387,0
20210104 140900000,1.23327,1.23347,0
20210104 141000000,1.23285,1.23305,0
20210104 141100000,1.23157,1.23177,0
20210104 141200000,1.23110,1.23130,0
20210104 141300000,1.23062,1.23082,0
20210104 141400000,1.23013,1.23033,0
20210104 141500000,1.22962,1.22982,0
20210104 141600000,1.22827,1.22847,0
20210104 141700000,1.22775,1.22795,0
20210104 141800000,1.22723,1.22743,0
20210104 141900000,1.22671,1.22691,0
20210104 142000000,1.22620,1.22640,0
20210104 142100000,1.22485,1.22505,0
20210104 142200000,1.22435,1.22455,0
20210104 142300000,1.22386,1.22406,0
20210104 142400000,1.22338,1.22358,0
20210104 142500000,1.22208,1.22228,0
20210104 142600000,1.22164,1.22184,0
20210104 142700000,1.22122,1.22142,0
20210104 142800000,1.22083,1.22103,0
20210104 142900000,1.22046,1.22066,0
20210104 143000000,1.21928,1.21948,0
20210104 143100000,1.21897,1.21917,0
20210104 143200000,1.21869,1.21889,0
20210104 143300000,1.21844,1.21864,0
20210104 143400000,1.21738,1.21758,0
20210104 143500000,1.21720,1.21740,0
20210104 143600000,1.21706,1.21726,0
20210104 143700000,1.21695,1.21715,0
20210104 143800000,1.21687,1.21707,0
20210104 143900000,1.21600,1.21620,0
20210104 144000000,1.21600,1.21620,0
20210104 144100000,1.21604,1.21624,0
20210104 144200000,1.21611,1.21631,0
20210104 144300000,1.21622,1.21642,0
20210104 144400000,1.21553,1.21573,0
20210104 144500000,1.21570,1.21590,0
20210104 144600000,1.21591,1.21611,0
20210104 144700000,1.21615,1.21635,0
20210104 144800000,1.21559,1.21579,0
20210104 144900000,1.21588,1.21608,0
20210104 145000000,1.21621,1.21641,0
20210104 145100000,1.21655,1.21675,0
20210104 145200000,1.21692,1.21712,0
20210104 145300000,1.21648,1.21668,0
20210104 145400000,1.21688,1.21708,0
20210104 145500000,1.21730,1.21750,0
20210104 145600000,1.21773,1.21793,0
20210104 145700000,1.21734,1.21754,0
20210104 145800000,1.21779,1.21799,0
20210104 145900000,1.21824,1.21844,0
20210104 150000000,1.21869,1.21889,0
20210104 150100000,1.21915,1.21935,0
20210104 150200000,1.21876,1.21896,0
20210104 150300000,1.21920,1.21940,0
20210104 150400000,1.21964,1.21984,0
20210104 150500000,1.22006,1.22026,0
20210104 150600000,1.22047,1.22067,0
20210104 150700000,1.22003,1.22023,0
20210104 150800000,1.22040,1.22060,0
20210104 150900000,1.22076,1.22096,0
20210104 151000000,1.22109,1.22129,0
20210104 151100000,1.22056,1.22076,0
20210104 151200000,1.22085,1.22105,0
20210104 151300000,1.22110,1.22130,0
20210104 151400000,1.22133,1.22153,0
20210104 151500000,1.22153,1.22173,0
20210104 151600000,1.22087,1.22107,0
20210104 151700000,1.22101,1.22121,0
20210104 151800000,1.22112,1.22132,0
20210104 151900000,1.22119,1.22139,0
20210104 152000000,1.22040,1.22060,0
20210104 152100000,1.22042,1.22062,0
20210104 152200000,1.22040,1.22060,0
20210104 152300000,1.22036,1.22056,0
20210104 152400000,1.22028,1.22048,0
20210104 152500000,1.21934,1.21954,0
20210104 152600000,1.21921,1.21941,0
20210104 152700000,1.21905,1.21925,0
20210104 152800000,1.21887,1.21907,0
20210104 152900000,1.21867,1.21887,0
20210104 153000000,1.21761,1.21781,0
20210104 153100000,1.21736,1.21756,0
20210104 153200000,1.21710,1.21730,0
20210104 153300000,1.21683,1.21703,0
20210104 153400000,1.21571,1.21591,0
20210104 153500000,1.21541,1.21561,0
20210104 153600000,1.21511,1.21531,0
20210104 153700000,1.21480,1.21500,0
20210104 153800000,1.21449,1.21469,0
20210104 153900000,1.21335,1.21355,0
20210104 154000000,1.21305,1.21325,0
20210104 154100000,1.21275,1.21295,0
20210104 154200000,1.21247,1.21267,0
20210104 154300000,1.21135,1.21155,0
20210104 154400000,1.21109,1.21129,0
20210104 154500000,1.21085,1.21105,0
20210104 154600000,1.21063,1.21083,0
20210104 154700000,1.21043,1.21063,0
20210104 154800000,1.20942,1.20962,0
20210104 154900000,1.20927,1.20947,0
20210104 155000000,1.20915,1.20935,0
20210104 155100000,1.20906,1.20926,0
20210104 155200000,1.20900,1.20920,0
20210104 155300000,1.20815,1.20835,0
20210104 155400000,1.20816,1.20836,0
20210104 155500000,1.20821,1.20841,0
20210104 155600000,1.20830,1.20850,0
20210104 155700000,1.20759,1.20779,0
20210104 155800000,1.20776,1.20796,0
20210104 155900000,1.20797,1.20817,0
20210104 160000000,1.20821,1.20841,0
20210104 160100000,1.20850,1.20870,0
20210104 160200000,1.20799,1.20819,0
20210104 160300000,1.20836,1.20856,0
20210104 160400000,1.20877,1.20897,0
20210104 160500000,1.20922,1.20942,0
20210104 160600000,1.20886,1.20906,0
20210104 160700000,1.20938,1.20958,0
20210104 160800000,1.20994,1.21014,0
20210104 160900000,1.21053,1.21073,0
20210104 161000000,1.21114,1.21134,0
20210104 161100000,1.21096,1.21116,0
20210104 161200000,1.21163,1.21183,0
20210104 161300000,1.21234,1.21254,0
20210104 161400000,1.21306,1.21326,0
20210104 161500000,1.21381,1.21401,0
20210104 161600000,1.21373,1.21393,0
20210104 161700000,1.21451,1.21471,0
20210104 161800000,1.21531,1.21551,0
20210104 161900000,1.21611,1.21631,0
20210104 162000000,1.21608,1.21628,0
20210104 162100000,1.21690,1.21710,0
20210104 162200000,1.21772,1.21792,0
20210104 162300000,1.21853,1.21873,0
20210104 162400000,1.21935,1.21955,0
20210104 162500000,1.21932,1.21952,0
20210104 162600000,1.22011,1.22031,0
20210104 162700000,1.22090,1.22110,0
20210104 162800000,1.22167,1.22187,0
20210104 162900000,1.22159,1.22179,0
20210104 163000000,1.22233,1.22253,0
20210104 163100000,1.22305,1.22325,0
20210104 163200000,1.22374,1.22394,0
20210104 163300000,1.22441,1.22461,0
20210104 163400000,1.22422,1.22442,0
20210104 163500000,1.22484,1.22504,0
20210104 163600000,1.22543,1.22563,0
20210104 163700000,1.22598,1.22618,0
20210104 163800000,1.22651,1.22671,0
20210104 163900000,1.22617,1.22637,0
20210104 164000000,1.22663,1.22683,0
20210104 164100000,1.22706,1.22726,0
20210104 164200000,1.22746,1.22766,0
20210104 164300000,1.22699,1.22719,0
20210104 164400000,1.22733,1.22753,0
20210104 164500000,1.22763,1.22783,0
20210104 164600000,1.22790,1.22810,0
20210104 164700000,1.22814,1.22834,0
20210104 164800000,1.22752,1.22772,0
20210104 164900000,1.22771,1.22791,0
20210104 165000000,1.22787,1.22807,0
20210104 165100000,1.22800,1.22820,0
20210104 165200000,1.22728,1.22748,0
20210104 165300000,1.22737,1.22757,0
20210104 165400000,1.22744,1.22764,0
20210104 165500000,1.22750,1.22770,0
20210104 165600000,1.22755,1.22775,0
20210104 165700000,1.22674,1.22694,0
20210104 165800000,1.22677,1.22697,0
20210104 165900000,1.22678,1.22698,0
20210104 170000000,1.22680,1.22700,0
20210104 170100000,1.22681,1.22701,0
20210104 170200000,1.22598,1.22618,0
20210104 170300000,1.22600,1.22620,0
20210104 170400000,1.22602,1.22622,0
20210104 170500000,1.22606,1.22626,0
20210104 170600000,1.22527,1.22547,0
20210104 170700000,1.22532,1.22552,0
20210104 170800000,1.22540,1.22560,0
20210104 170900000,1.22549,1.22569,0
20210104 171000000,1.22561,1.22581,0
20210104 171100000,1.22491,1.22511,0
20210104 171200000,1.22508,1.22528,0
20210104 171300000,1.22527,1.22547,0
20210104 171400000,1.22549,1.22569,0
20210104 171500000,1.22490,1.22510,0
20210104 171600000,1.22518,1.22538,0
20210104 171700000,1.22549,1.22569,0
20210104 171800000,1.22584,1.22604,0
20210104 171900000,1.22622,1.22642,0
20210104 172000000,1.22580,1.22600,0
20210104 172100000,1.22625,1.22645,0
20210104 172200000,1.22674,1.22694,0
20210104 172300000,1.22726,1.22746,0
20210104 172400000,1.22781,1.22801,0
20210104 172500000,1.22757,1.22777,0
20210104 172600000,1.22819,1.22839,0
20210104 172700000,1.22885,1.22905,0
20210104 172800000,1.22953,1.22973,0
20210104 172900000,1.22941,1.22961,0
20210104 173000000,1.23016,1.23036,0
20210104 173100000,1.23093,1.23113,0
20210104 173200000,1.23173,1.23193,0
20210104 173300000,1.23255,1.23275,0
20210104 173400000,1.23255,1.23275,0
20210104 173500000,1.23341,1.23361,0
20210104 173600000,1.23429,1.23449,0
20210104 173700000,1.23518,1.23538,0
20210104 173800000,1.23524,1.23544,0
20210104 173900000,1.23615,1.23635,0
20210104 174000000,1.23707,1.23727,0
20210104 174100000,1.23799,1.23819,0
20210104 174200000,1.23891,1.23911,0
20210104 174300000,1.23899,1.23919,0
20210104 174400000,1.23990,1.24010,0
20210104 174500000,1.24080,1.24100,0
20210104 174600000,1.24169,1.24189,0
20210104 174700000,1.24257,1.24277,0
20210104 174800000,1.24259,1.24279,0
20210104 174900000,1.24344,1.24364,0
20210104 175000000,1.24426,1.24446,0
20210104 175100000,1.24506,1.24526,0
20210104 175200000,1.24499,1.24519,0
20210104 175300000,1.24573,1.24593,0
20210104 175400000,1.24645,1.24665,0
20210104 175500000,1.24713,1.24733,0
20210104 175600000,1.24778,1.24798,0
20210104 175700000,1.24756,1.24776,0
20210104 175800000,1.24814,1.24834,0
20210104 175900000,1.24868,1.24888,0
20210104 180000000,1.24918,1.24938,0
20210104 180100000,1.24881,1.24901,0
20210104 180200000,1.24924,1.24944,0
20210104 180300000,1.24963,1.24983,0
20210104 180400000,1.24998,1.25018,0
20210104 180500000,1.25029,1.25049,0
20210104 180600000,1.24972,1.24992,0
20210104 180700000,1.24995,1.25015,0
20210104 180800000,1.25015,1.25035,0
20210104 180900000,1.25031,1.25051,0
20210104 181000000,1.25043,1.25063,0
20210104 181100000,1.24969,1.24989,0
20210104 181200000,1.24975,1.24995,0
20210104 181300000,1.24978,1.24998,0
20210104 181400000,1.24978,1.24998,0
20210104 181500000,1.24892,1.24912,0
20210104 181600000,1.24887,1.24907,0
20210104 181700000,1.24880,1.24900,0
20210104 181800000,1.24871,1.24891,0
20210104 181900000,1.24860,1.24880,0
20210104 182000000,1.24764,1.24784,0
20210104 182100000,1.24751,1.24771,0
20210104 182200000,1.24736,1.24756,0
20210104 182300000,1.24721,1.24741,0
20210104 182400000,1.24622,1.24642,0
20210104 182500000,1.24607,1.24627,0
20210104 182600000,1.24592,1.24612,0
20210104 182700000,1.24577,1.24597,0
20210104 182800000,1.24562,1.24582,0
20210104 182900000,1.24466,1.24486,0
20210104 183000000,1.24453,1.24473,0
20210104 183100000,1.24443,1.24463,0
20210104 183200000,1.24434,1.24454,0
20210104 183300000,1.24426,1.24446,0
20210104 183400000,1.24338,1.24358,0
20210104 183500000,1.24335,1.24355,0
20210104 183600000,1.24334,1.24354,0
20210104 183700000,1.24336,1.24356,0
20210104 183800000,1.24257,1.24277,0
20210104 183900000,1.24264,1.24284,0
20210104 184000000,1.24275,1.24295,0
20210104 184100000,1.24288,1.24308,0
20210104 184200000,1.24304,1.24324,0
20210104 184300000,1.24240,1.24260,0
20210104 184400000,1.24262,1.24282,0
20210104 184500000,1.24288,1.24308,0
20210104 184600000,1.24316,1.24336,0
20210104 184700000,1.24264,1.24284,0
20210104 184800000,1.24298,1.24318,0
20210104 184900000,1.24335,1.24355,0
20210104 185000000,1.24375,1.24395,0
20210104 185100000,1.24417,1.24437,0
20210104 185200000,1.24378,1.24398,0
20210104 185300000,1.24425,1.24445,0
20210104 185400000,1.24475,1.24495,0
20210104 185500000,1.24526,1.24546,0
20210104 185600000,1.24578,1.24598,0
20210104 185700000,1.24549,1.24569,0
20210104 185800000,1.24604,1.24624,0
20210104 185900000,1.24661,1.24681,0
20210104 190000000,1.24718,1.24738,0
20210104 190100000,1.24692,1.24712,0
20210104 190200000,1.24749,1.24769,0
20210104 190300000,1.24807,1.24827,0
20210104 190400000,1.24865,1.24885,0
20210104 190500000,1.24921,1.24941,0
20210104 190600000,1.24894,1.24914,0
20210104 190700000,1.24949,1.24969,0
20210104 190800000,1.25002,1.25022,0
20210104 190900000,1.25054,1.25074,0
20210104 191000000,1.25020,1.25040,0
20210104 191100000,1.25068,1.25088,0
20210104 191200000,1.25114,1.25134,0
20210104 191300000,1.25157,1.25177,0
20210104 191400000,1.25197,1.25217,0
20210104 191500000,1.25150,1.25170,0
20210104 191600000,1.25184,1.25204,0
20210104 191700000,1.25215,1.25235,0
20210104 191800000,1.25242,1.25262,0
20210104 191900000,1.25266,1.25286,0
20210104 192000000,1.25202,1.25222,0
20210104 192100000,1.25218,1.25238,0
20210104 192200000,1.25231,1.25251,0
20210104 192300000,1.25239,1.25259,0
20210104 192400000,1.25160,1.25180,0
20210104 192500000,1.25161,1.25181,0
20210104 192600000,1.25157,1.25177,0
20210104 192700000,1.25150,1.25170,0
20210104 192800000,1.25139,1.25159,0
20210104 192900000,1.25041,1.25061,0
20210104 193000000,1.25023,1.25043,0
20210104 193100000,1.25001,1.25021,0
20210104 193200000,1.24976,1.24996,0
20210104 193300000,1.24864,1.24884,0
20210104 193400000,1.24833,1.24853,0
20210104 193500000,1.24798,1.24818,0
20210104 193600000,1.24762,1.24782,0
20210104 193700000,1.24722,1.24742,0
20210104 193800000,1.24597,1.24617,0
20210104 193900000,1.24554,1.24574,0
20210104 194000000,1.24509,1.24529,0
20210104 194100000,1.24462,1.24482,0
20210104 194200000,1.24415,1.24435,0
20210104 194300000,1.24283,1.24303,0
20210104 194400000,1.24233,1.24253,0
20210104 194500000,1.24184,1.24204,0
20210104 194600000,1.24134,1.24154,0
20210104 194700000,1.24002,1.24022,0
20210104 194800000,1.23953,1.23973,0
20210104 194900000,1.23905,1.23925,0
20210104 195000000,1.23858,1.23878,0
20210104 195100000,1.23812,1.23832,0
20210104 195200000,1.23685,1.23705,0
20210104 195300000,1.23642,1.23662,0
20210104 195400000,1.23602,1.23622,0
20210104 195500000,1.23564,1.23584,0
20210104 195600000,1.23445,1.23465,0
20210104 195700000,1.23412,1.23432,0
20210104 195800000,1.23382,1.23402,0
20210104 195900000,1.23355,1.23375,0
20210104 200000000,1.23331,1.23351,0
20210104 200100000,1.23227,1.23247,0
20210104 200200000,1.23210,1.23230,0
20210104 200300000,1.23196,1.23216,0
20210104 200400000,1.23185,1.23205,0
20210104 200500000,1.23178,1.23198,0
20210104 200600000,1.23091,1.23111,0
20210104 200700000,1.23091,1.23111,0
20210104 200800000,1.23094,1.23114,0
20210104 200900000,1.23101,1.23121,0
20210104 201000000,1.23028,1.23048,0
20210104 201100000,1.23041,1.23061,0
20210104 201200000,1.23058,1.23078,0
20210104 201300000,1.23078,1.23098,0
20210104 201400000,1.23100,1.23120,0
20210104 201500000,1.23042,1.23062,0
20210104 201600000,1.23070,1.23090,0
20210104 201700000,1.23100,1.23120,0
20210104 201800000,1.23133,1.23153,0
20210104 201900000,1.23083,1.23103,0
20210104 202000000,1.23119,1.23139,0
20210104 202100000,1.23157,1.23177,0
20210104 202200000,1.23196,1.23216,0
20210104 202300000,1.23236,1.23256,0
20210104 202400000,1.23192,1.23212,0
20210104 202500000,1.23233,1.23253,0
20210104 202600000,1.23275,1.23295,0
20210104 202700000,1.23316,1.23336,0
20210104 202800000,1.23357,1.23377,0
20210104 202900000,1.23313,1.23333,0
20210104 203000000,1.23352,1.23372,0
20210104 203100000,1.23391,1.23411,0
20210104 203200000,1.23428,1.23448,0
20210104 203300000,1.23379,1.23399,0
20210104 203400000,1.23413,1.23433,0
20210104 203500000,1.23444,1.23464,0
20210104 203600000,1.23474,1.23494,0
20210104 203700000,1.23501,1.23521,0
20210104 203800000,1.23442,1.23462,0
20210104 203900000,1.23463,1.23483,0
20210104 204000000,1.23482,1.23502,0
20210104 204100000,1.23498,1.23518,0
20210104 204200000,1.23427,1.23447,0
20210104 204300000,1.23437,1.23457,0
20210104 204400000,1.23443,1.23463,0
20210104 204500000,1.23447,1.23467,0
20210104 204600000,1.23447,1.23467,0
20210104 204700000,1.23360,1.23380,0
20210104 204800000,1.23354,1.23374,0
20210104 204900000,1.23344,1.23364,0
20210104 205000000,1.23331,1.23351,0
20210104 205100000,1.23316,1.23336,0
20210104 205200000,1.23213,1.23233,0
20210104 205300000,1.23192,1.23212,0
20210104 205400000,1.23168,1.23188,0
20210104 205500000,1.23141,1.23161,0
20210104 205600000,1.23029,1.23049,0
20210104 205700000,1.22998,1.23018,0
20210104 205800000,1.22965,1.22985,0
20210104 205900000,1.22931,1.22951,0
20210104 210000000,1.22895,1.22915,0
20210104 210100000,1.22774,1.22794,0
20210104 210200000,1.22736,1.22756,0
20210104 210300000,1.22697,1.22717,0
20210104 210400000,1.22658,1.22678,0
20210104 210500000,1.22535,1.22555,0
20210104 210600000,1.22495,1.22515,0
20210104 210700000,1.22457,1.22477,0
20210104 210800000,1.22418,1.22438,0
20210104 210900000,1.22381,1.22401,0
20210104 211000000,1.22262,1.22282,0
20210104 211100000,1.22227,1.22247,0
20210104 211200000,1.22194,1.22214,0
20210104 211300000,1.22164,1.22184,0
20210104 211400000,1.22135,1.22155,0
20210104 211500000,1.22026,1.22046,0
20210104 211600000,1.22003,1.22023,0
20210104 211700000,1.21982,1.22002,0
20210104 211800000,1.21965,1.21985,0
20210104 211900000,1.21868,1.21888,0
20210104 212000000,1.21857,1.21877,0
20210104 212100000,1.21850,1.21870,0
20210104 212200000,1.21847,1.21867,0
20210104 212300000,1.21848,1.21868,0
20210104 212400000,1.21769,1.21789,0
20210104 212500000,1.21777,1.21797,0
20210104 212600000,1.21790,1.21810,0
20210104 212700000,1.21807,1.21827,0
20210104 212800000,1.21744,1.21764,0
20210104 212900000,1.21768,1.21788,0
20210104 213000000,1.21797,1.21817,0
20210104 213100000,1.21829,1.21849,0
20210104 213200000,1.21866,1.21886,0
20210104 213300000,1.21822,1.21842,0
20210104 213400000,1.21866,1.21886,0
20210104 213500000,1.21913,1.21933,0
20210104 213600000,1.21964,1.21984,0
20210104 213700000,1.22017,1.22037,0
20210104 213800000,1.21990,1.22010,0
20210104 213900000,1.22049,1.22069,0
20210104 214000000,1.22111,1.22131,0
20210104 214100000,1.22175,1.22195,0
20210104 214200000,1.22158,1.22178,0
20210104 214300000,1.22226,1.22246,0
20210104 214400000,1.22295,1.22315,0
20210104 214500000,1.22366,1.22386,0
20210104 214600000,1.22438,1.22458,0
20210104 214700000,1.22427,1.22447,0
20210104 214800000,1.22500,1.22520,0
20210104 214900000,1.22573,1.22593,0
20210104 215000000,1.22646,1.22666,0
20210104 215100000,1.22635,1.22655,0
20210104 215200000,1.22707,1.22727,0
20210104 215300000,1.22778,1.22798,0
20210104 215400000,1.22849,1.22869,0
20210104 215500000,1.22917,1.22937,0
20210104 215600000,1.22901,1.22921,0
20210104 215700000,1.22966,1.22986,0
20210104 215800000,1.23029,1.23049,0
20210104 215900000,1.23090,1.23110,0
20210104 220000000,1.23149,1.23169,0
20210104 220100000,1.23121,1.23141,0
20210104 220200000,1.23175,1.23195,0
20210104 220300000,1.23225,1.23245,0
20210104 220400000,1.23273,1.23293,0
20210104 220500000,1.23234,1.23254,0
20210104 220600000,1.23276,1.23296,0
20210104 220700000,1.23314,1.23334,0
20210104 220800000,1.23350,1.23370,0
20210104 220900000,1.23382,1.23402,0
20210104 221000000,1.23327,1.23347,0
20210104 221100000,1.23353,1.23373,0
20210104 221200000,1.23376,1.23396,0
20210104 221300000,1.23397,1.23417,0
20210104 221400000,1.23330,1.23350,0
20210104 221500000,1.23345,1.23365,0
20210104 221600000,1.23357,1.23377,0
20210104 221700000,1.23366,1.23386,0
20210104 221800000,1.23374,1.23394,0
20210104 221900000,1.23295,1.23315,0
20210104 222000000,1.23299,1.23319,0
20210104 222100000,1.23301,1.23321,0
20210104 222200000,1.23301,1.23321,0
20210104 222300000,1.23300,1.23320,0
20210104 222400000,1.23215,1.23235,0
20210104 222500000,1.23212,1.23232,0
20210104 222600000,1.23209,1.23229,0
20210104 222700000,1.23206,1.23226,0
20210104 222800000,1.23120,1.23140,0
20210104 222900000,1.23117,1.23137,0
20210104 223000000,1.23115,1.23135,0
20210104 223100000,1.23114,1.23134,0
20210104 223200000,1.23114,1.23134,0
20210104 223300000,1.23032,1.23052,0
20210104 223400000,1.23035,1.23055,0
20210104 223500000,1.23040,1.23060,0
20210104 223600000,1.23047,1.23067,0
20210104 223700000,1.22973,1.22993,0
20210104 223800000,1.22985,1.23005,0
20210104 223900000,1.23000,1.23020,0
20210104 224000000,1.23017,1.23037,0
20210104 224100000,1.23038,1.23058,0
20210104 224200000,1.22978,1.22998,0
20210104 224300000,1.23006,1.23026,0
20210104 224400000,1.23036,1.23056,0
20210104 224500000,1.23070,1.23090,0
20210104 224600000,1.23108,1.23128,0
20210104 224700000,1.23066,1.23086,0
20210104 224800000,1.23111,1.23131,0
20210104 224900000,1.23160,1.23180,0
20210104 225000000,1.23212,1.23232,0
20210104 225100000,1.23185,1.23205,0
20210104 225200000,1.23244,1.23264,0
20210104 225300000,1.23308,1.23328,0
20210104 225400000,1.23374,1.23394,0
20210104 225500000,1.23444,1.23464,0
20210104 225600000,1.23433,1.23453,0
20210104 225700000,1.23509,1.23529,0
20210104 225800000,1.23588,1.23608,0
20210104 225900000,1.23669,1.23689,0
20210104 230000000,1.23669,1.23689,0
20210104 230100000,1.23755,1.23775,0
20210104 230200000,1.23843,1.23863,0
20210104 230300000,1.23933,1.23953,0
20210104 230400000,1.24024,1.24044,0
20210104 230500000,1.24033,1.24053,0
20210104 230600000,1.24126,1.24146,0
20210104 230700000,1.24220,1.24240,0
20210104 230800000,1.24314,1.24334,0
20210104 230900000,1.24408,1.24428,0
20210104 231000000,1.24419,1.24439,0
20210104 231100000,1.24513,1.24533,0
20210104 231200000,1.24606,1.24626,0
20210104 231300000,1.24698,1.24718,0
20210104 231400000,1.24705,1.24725,0
20210104 231500000,1.24794,1.24814,0
20210104 231600000,1.24882,1.24902,0
20210104 231700000,1.24967,1.24987,0
20210104 231800000,1.25050,1.25070,0
20210104 231900000,1.25047,1.25067,0
20210104 232000000,1.25125,1.25145,0
20210104 232100000,1.25200,1.25220,0
20210104 232200000,1.25272,1.25292,0
20210104 232300000,1.25257,1.25277,0
20210104 232400000,1.25323,1.25343,0
20210104 232500000,1.25385,1.25405,0
20210104 232600000,1.25443,1.25463,0
20210104 232700000,1.25498,1.25518,0
20210104 232800000,1.25465,1.25485,0
20210104 232900000,1.25512,1.25532,0
20210104 233000000,1.25556,1.25576,0
20210104 233100000,1.25595,1.25615,0
20210104 233200000,1.25631,1.25651,0
20210104 233300000,1.25580,1.25600,0
20210104 233400000,1.25608,1.25628,0
20210104 233500000,1.25633,1.25653,0
20210104 233600000,1.25655,1.25675,0
20210104 233700000,1.25589,1.25609,0
20210104 233800000,1.25604,1.25624,0
20210104 233900000,1.25616,1.25636,0
20210104 234000000,1.25626,1.25646,0
20210104 234100000,1.25632,1.25652,0
20210104 234200000,1.25552,1.25572,0
20210104 234300000,1.25554,1.25574,0
20210104 234400000,1.25554,1.25574,0
20210104 234500000,1.25552,1.25572,0
20210104 234600000,1.25465,1.25485,0
20210104 234700000,1.25460,1.25480,0
20210104 234800000,1.25454,1.25474,0
20210104 234900000,1.25447,1.25467,0
20210104 235000000,1.25440,1.25460,0
20210104 235100000,1.25349,1.25369,0
20210104 235200000,1.25342,1.25362,0
20210104 235300000,1.25335,1.25355,0
20210104 235400000,1.25328,1.25348,0
20210104 235500000,1.25323,1.25343,0
20210104 235600000,1.25235,1.25255,0
20210104 235700000,1.25231,1.25251,0
20210104 235800000,1.25230,1.25250,0
20210104 235900000,1.25230,1.25250,0
20210105 000000000,1.25148,1.25168,0
20210105 000100000,1.25152,1.25172,0
20210105 000200000,1.25159,1.25179,0
20210105 000300000,1.25168,1.25188,0
20210105 000400000,1.25179,1.25199,0
20210105 000500000,1.25110,1.25130,0
20210105 000600000,1.25127,1.25147,0
20210105 000700000,1.25147,1.25167,0
20210105 000800000,1.25171,1.25191,0
20210105 000900000,1.25113,1.25133,0
20210105 001000000,1.25142,1.25162,0
20210105 001100000,1.25175,1.25195,0
20210105 001200000,1.25210,1.25230,0
20210105 001300000,1.25249,1.25269,0
20210105 001400000,1.25206,1.25226,0
20210105 001500000,1.25251,1.25271,0
20210105 001600000,1.25298,1.25318,0
20210105 001700000,1.25348,1.25368,0
20210105 001800000,1.25400,1.25420,0
20210105 001900000,1.25371,1.25391,0
20210105 002000000,1.25428,1.25448,0
20210105 002100000,1.25487,1.25507,0
20210105 002200000,1.25548,1.25568,0
20210105 002300000,1.25526,1.25546,0
20210105 002400000,1.25590,1.25610,0
20210105 002500000,1.25655,1.25675,0
20210105 002600000,1.25721,1.25741,0
20210105 002700000,1.25788,1.25808,0
20210105 002800000,1.25771,1.25791,0
20210105 002900000,1.25838,1.25858,0
20210105 003000000,1.25905,1.25925,0
20210105 003100000,1.25971,1.25991,0
20210105 003200000,1.25953,1.25973,0
20210105 003300000,1.26018,1.26038,0
20210105 003400000,1.26081,1.26101,0
20210105 003500000,1.26143,1.26163,0
20210105 003600000,1.26204,1.26224,0
20210105 003700000,1.26178,1.26198,0
20210105 003800000,1.26234,1.26254,0
20210105 003900000,1.26288,1.26308,0
20210105 004000000,1.26339,1.26359,0
20210105 004100000,1.26387,1.26407,0
20210105 004200000,1.26348,1.26368,0
20210105 004300000,1.26389,1.26409,0
20210105 004400000,1.26428,1.26448,0
20210105 004500000,1.26462,1.26482,0
20210105 004600000,1.26409,1.26429,0
20210105 004700000,1.26437,1.26457,0
20210105 004800000,1.26460,1.26480,0
20210105 004900000,1.26479,1.26499,0
20210105 005000000,1.26494,1.26514,0
20210105 005100000,1.26422,1.26442,0
20210105 005200000,1.26429,1.26449,0
20210105 005300000,1.26433,1.26453,0
20210105 005400000,1.26432,1.26452,0
20210105 005500000,1.26344,1.26364,0
20210105 005600000,1.26336,1.26356,0
20210105 005700000,1.26324,1.26344,0
20210105 005800000,1.26308,1.26328,0
20210105 005900000,1.26289,1.26309,0
20210105 010000000,1.26183,1.26203,0
20210105 010100000,1.26158,1.26178,0
20210105 010200000,1.26130,1.26150,0
20210105 010300000,1.26099,1.26119,0
20210105 010400000,1.26065,1.26085,0
20210105 010500000,1.25946,1.25966,0
20210105 010600000,1.25908,1.25928,0
20210105 010700000,1.25869,1.25889,0
20210105 010800000,1.25828,1.25848,0
20210105 010900000,1.25702,1.25722,0
20210105 011000000,1.25659,1.25679,0
20210105 011100000,1.25616,1.25636,0
20210105 011200000,1.25572,1.25592,0
20210105 011300000,1.25527,1.25547,0
20210105 011400000,1.25400,1.25420,0
20210105 011500000,1.25356,1.25376,0
20210105 011600000,1.25313,1.25333,0
20210105 011700000,1.25271,1.25291,0
20210105 011800000,1.25147,1.25167,0
20210105 011900000,1.25108,1.25128,0
20210105 012000000,1.25071,1.25091,0
20210105 012100000,1.25035,1.25055,0
20210105 012200000,1.25002,1.25022,0
20210105 012300000,1.24887,1.24907,0
20210105 012400000,1.24859,1.24879,0
20210105 012500000,1.24833,1.24853,0
20210105 012600000,1.24810,1.24830,0
20210105 012700000,1.24790,1.24810,0
20210105 012800000,1.24690,1.24710,0
20210105 012900000,1.24676,1.24696,0
20210105 013000000,1.24666,1.24686,0
20210105 013100000,1.24659,1.24679,0
20210105 013200000,1.24571,1.24591,0
20210105 013300000,1.24571,1.24591,0
20210105 013400000,1.24574,1.24594,0
20210105 013500000,1.24580,1.24600,0
20210105 013600000,1.24590,1.24610,0
20210105 013700000,1.24519,1.24539,0
20210105 013800000,1.24535,1.24555,0
20210105 013900000,1.24553,1.24573,0
20210105 014000000,1.24575,1.24595,0
20210105 014100000,1.24515,1.24535,0
20210105 014200000,1.24542,1.24562,0
20210105 014300000,1.24571,1.24591,0
20210105 014400000,1.24603,1.24623,0
20210105 014500000,1.24636,1.24656,0
20210105 014600000,1.24587,1.24607,0
20210105 014700000,1.24623,1.24643,0
20210105 014800000,1.24661,1.24681,0
20210105 014900000,1.24700,1.24720,0
20210105 015000000,1.24739,1.24759,0
20210105 015100000,1.24695,1.24715,0
20210105 015200000,1.24735,1.24755,0
20210105 015300000,1.24775,1.24795,0
20210105 015400000,1.24815,1.24835,0
20210105 015500000,1.24771,1.24791,0
20210105 015600000,1.24809,1.24829,0
20210105 015700000,1.24846,1.24866,0
20210105 015800000,1.24882,1.24902,0
20210105 015900000,1.24917,1.24937,0
20210105 020000000,1.24866,1.24886,0
20210105 020100000,1.24896,1.24916,0
20210105 020200000,1.24924,1.24944,0
20210105 020300000,1.24950,1.24970,0
20210105 020400000,1.24890,1.24910,0
20210105 020500000,1.24911,1.24931,0
20210105 020600000,1.24928,1.24948,0
20210105 020700000,1.24943,1.24963,0
20210105 020800000,1.24954,1.24974,0
20210105 020900000,1.24879,1.24899,0
20210105 021000000,1.24884,1.24904,0
20210105 021100000,1.24885,1.24905,0
20210105 021200000,1.24884,1.24904,0
20210105 021300000,1.24878,1.24898,0
20210105 021400000,1.24786,1.24806,0
20210105 021500000,1.24774,1.24794,0
20210105 021600000,1.24759,1.24779,0
20210105 021700000,1.24740,1.24760,0
20210105 021800000,1.24635,1.24655,0
20210105 021900000,1.24611,1.24631,0
20210105 022000000,1.24583,1.24603,0
20210105 022100000,1.24553,1.24573,0
20210105 022200000,1.24520,1.24540,0
20210105 022300000,1.24401,1.24421,0
20210105 022400000,1.24364,1.24384,0
20210105 022500000,1.24324,1.24344,0
20210105 022600000,1.24283,1.24303,0
20210105 022700000,1.24157,1.24177,0
20210105 022800000,1.24113,1.24133,0
20210105 022900000,1.24068,1.24088,0
20210105 023000000,1.24023,1.24043,0
20210105 023100000,1.23977,1.23997,0
20210105 023200000,1.23847,1.23867,0
20210105 023300000,1.23801,1.23821,0
20210105 023400000,1.23755,1.23775,0
20210105 023500000,1.23710,1.23730,0
20210105 023600000,1.23666,1.23686,0
20210105 023700000,1.23539,1.23559,0
20210105 023800000,1.23497,1.23517,0
20210105 023900000,1.23458,1.23478,0
20210105 024000000,1.23420,1.23440,0
20210105 024100000,1.23301,1.23321,0
20210105 024200000,1.23268,1.23288,0
20210105 024300000,1.23237,1.23257,0
20210105 024400000,1.23210,1.23230,0
20210105 024500000,1.23185,1.23205,0
20210105 024600000,1.23080,1.23100,0
20210105 024700000,1.23062,1.23082,0
20210105 024800000,1.23048,1.23068,0
20210105 024900000,1.23038,1.23058,0
20210105 025000000,1.22947,1.22967,0
20210105 025100000,1.22944,1.22964,0
20210105 025200000,1.22945,1.22965,0
20210105 025300000,1.22950,1.22970,0
20210105 025400000,1.22959,1.22979,0
20210105 025500000,1.22889,1.22909,0
20210105 025600000,1.22905,1.22925,0
20210105 025700000,1.22926,1.22946,0
20210105 025800000,1.22951,1.22971,0
20210105 025900000,1.22979,1.22999,0
20210105 030000000,1.22928,1.22948,0
20210105 030100000,1.22963,1.22983,0
20210105 030200000,1.23002,1.23022,0
20210105 030300000,1.23044,1.23064,0
20210105 030400000,1.23006,1.23026,0
20210105 030500000,1.23054,1.23074,0
20210105 030600000,1.23105,1.23125,0
20210105 030700000,1.23158,1.23178,0
20210105 030800000,1.23213,1.23233,0
20210105 030900000,1.23187,1.23207,0
20210105 031000000,1.23246,1.23266,0
20210105 031100000,1.23307,1.23327,0
20210105 031200000,1.23369,1.23389,0
20210105 031300000,1.23348,1.23368,0
20210105 031400000,1.23411,1.23431,0
20210105 031500000,1.23475,1.23495,0
20210105 031600000,1.23539,1.23559,0
20210105 031700000,1.23603,1.23623,0
20210105 031800000,1.23582,1.23602,0
20210105 031900000,1.23645,1.23665,0
20210105 032000000,1.23707,1.23727,0
20210105 032100000,1.23767,1.23787,0
20210105 032200000,1.23826,1.23846,0
20210105 032300000,1.23800,1.23820,0
20210105 032400000,1.23856,1.23876,0
20210105 032500000,1.23909,1.23929,0
20210105 032600000,1.23961,1.23981,0
20210105 032700000,1.23926,1.23946,0
20210105 032800000,1.23973,1.23993,0
20210105 032900000,1.24016,1.24036,0
20210105 033000000,1.24057,1.24077,0
20210105 033100000,1.24095,1.24115,0
20210105 033200000,1.24047,1.24067,0
20210105 033300000,1.24079,1.24099,0
20210105 033400000,1.24108,1.24128,0
20210105 033500000,1.24134,1.24154,0
20210105 033600000,1.24073,1.24093,0
20210105 033700000,1.24093,1.24113,0
20210105 033800000,1.24110,1.24130,0
20210105 033900000,1.24124,1.24144,0
20210105 034000000,1.24135,1.24155,0
20210105 034100000,1.24060,1.24080,0
20210105 034200000,1.24066,1.24086,0
20210105 034300000,1.24069,1.24089,0
20210105 034400000,1.24070,1.24090,0
20210105 034500000,1.24069,1.24089,0
20210105 034600000,1.23983,1.24003,0
20210105 034700000,1.23978,1.23998,0
20210105 034800000,1.23972,1.23992,0
20210105 034900000,1.23965,1.23985,0
20210105 035000000,1.23873,1.23893,0
20210105 035100000,1.23864,1.23884,0
20210105 035200000,1.23854,1.23874,0
20210105 035300000,1.23844,1.23864,0
20210105 035400000,1.23835,1.23855,0
20210105 035500000,1.23741,1.23761,0
20210105 035600000,1.23732,1.23752,0
20210105 035700000,1.23724,1.23744,0
20210105 035800000,1.23717,1.23737,0
20210105 035900000,1.23628,1.23648,0
20210105 040000000,1.23624,1.23644,0
20210105 040100000,1.23621,1.23641,0
20210105 040200000,1.23621,1.23641,0
20210105 040300000,1.23623,1.23643,0
20210105 040400000,1.23544,1.23564,0
20210105 040500000,1.23551,1.23571,0
20210105 040600000,1.23562,1.23582,0
20210105 040700000,1.23575,1.23595,0
20210105 040800000,1.23592,1.23612,0
20210105 040900000,1.23528,1.23548,0
20210105 041000000,1.23551,1.23571,0
20210105 041100000,1.23579,1.23599,0
20210105 041200000,1.23609,1.23629,0
20210105 041300000,1.23560,1.23580,0
20210105 041400000,1.23599,1.23619,0
20210105 041500000,1.23641,1.23661,0
20210105 041600000,1.23687,1.23707,0
20210105 041700000,1.23737,1.23757,0
20210105 041800000,1.23707,1.23727,0
20210105 041900000,1.23764,1.23784,0
20210105 042000000,1.23825,1.23845,0
20210105 042100000,1.23889,1.23909,0
20210105 042200000,1.23874,1.23894,0
20210105 042300000,1.23945,1.23965,0
20210105 042400000,1.24019,1.24039,0
20210105 042500000,1.24096,1.24116,0
20210105 042600000,1.24176,1.24196,0
20210105 042700000,1.24175,1.24195,0
20210105 042800000,1.24259,1.24279,0
20210105 042900000,1.24346,1.24366,0
20210105 043000000,1.24435,1.24455,0
20210105 043100000,1.24525,1.24545,0
20210105 043200000,1.24532,1.24552,0
20210105 043300000,1.24625,1.24645,0
20210105 043400000,1.24718,1.24738,0
20210105 043500000,1.24812,1.24832,0
20210105 043600000,1.24822,1.24842,0
20210105 043700000,1.24916,1.24936,0
20210105 043800000,1.25009,1.25029,0
20210105 043900000,1.25102,1.25122,0
20210105 044000000,1.25194,1.25214,0
20210105 044100000,1.25201,1.25221,0
20210105 044200000,1.25290,1.25310,0
20210105 044300000,1.25378,1.25398,0
20210105 044400000,1.25464,1.25484,0
20210105 044500000,1.25464,1.25484,0
20210105 044600000,1.25545,1.25565,0
20210105 044700000,1.25623,1.25643,0
20210105 044800000,1.25699,1.25719,0
20210105 044900000,1.25772,1.25792,0
20210105 045000000,1.25758,1.25778,0
20210105 045100000,1.25824,1.25844,0
20210105 045200000,1.25887,1.25907,0
20210105 045300000,1.25947,1.25967,0
20210105 045400000,1.26003,1.26023,0
20210105 045500000,1.25972,1.25992,0
20210105 045600000,1.26021,1.26041,0
20210105 045700000,1.26067,1.26087,0
20210105 045800000,1.26109,1.26129,0
20210105 045900000,1.26063,1.26083,0
20210105 050000000,1.26098,1.26118,0
20210105 050100000,1.26129,1.26149,0
20210105 050200000,1.26157,1.26177,0
20210105 050300000,1.26181,1.26201,0
20210105 050400000,1.26119,1.26139,0
20210105 050500000,1.26137,1.26157,0
20210105 050600000,1.26153,1.26173,0
20210105 050700000,1.26166,1.26186,0
20210105 050800000,1.26093,1.26113,0
20210105 050900000,1.26101,1.26121,0
20210105 051000000,1.26107,1.26127,0
20210105 051100000,1.26111,1.26131,0
20210105 051200000,1.26114,1.26134,0
20210105 051300000,1.26032,1.26052,0
20210105 051400000,1.26032,1.26052,0
20210105 051500000,1.26032,1.26052,0
20210105 051600000,1.26031,1.26051,0
20210105 051700000,1.26029,1.26049,0
20210105 051800000,1.25945,1.25965,0
20210105 051900000,1.25944,1.25964,0
20210105 052000000,1.25943,1.25963,0
20210105 052100000,1.25943,1.25963,0
20210105 052200000,1.25861,1.25881,0
20210105 052300000,1.25863,1.25883,0
20210105 052400000,1.25867,1.25887,0
20210105 052500000,1.25873,1.25893,0
20210105 052600000,1.25880,1.25900,0
20210105 052700000,1.25807,1.25827,0
20210105 052800000,1.25819,1.25839,0
20210105 052900000,1.25833,1.25853,0
20210105 053000000,1.25850,1.25870,0
20210105 053100000,1.25787,1.25807,0
20210105 053200000,1.25809,1.25829,0
20210105 053300000,1.25835,1.25855,0
20210105 053400000,1.25864,1.25884,0
20210105 053500000,1.25896,1.25916,0
20210105 053600000,1.25847,1.25867,0
20210105 053700000,1.25885,1.25905,0
20210105 053800000,1.25927,1.25947,0
20210105 053900000,1.25971,1.25991,0
20210105 054000000,1.26019,1.26039,0
20210105 054100000,1.25986,1.26006,0
20210105 054200000,1.26039,1.26059,0
20210105 054300000,1.26096,1.26116,0
20210105 054400000,1.26155,1.26175,0
20210105 054500000,1.26133,1.26153,0
20210105 054600000,1.26197,1.26217,0
20210105 054700000,1.26263,1.26283,0
20210105 054800000,1.26332,1.26352,0
20210105 054900000,1.26402,1.26422,0
20210105 055000000,1.26390,1.26410,0
20210105 055100000,1.26463,1.26483,0
20210105 055200000,1.26537,1.26557,0
20210105 055300000,1.26612,1.26632,0
20210105 055400000,1.26604,1.26624,0
20210105 055500000,1.26681,1.26701,0
20210105 055600000,1.26757,1.26777,0
20210105 055700000,1.26833,1.26853,0
20210105 055800000,1.26908,1.26928,0
20210105 055900000,1.26899,1.26919,0
20210105 060000000,1.26973,1.26993,0
20210105 060100000,1.27045,1.27065,0
20210105 060200000,1.27116,1.27136,0
20210105 060300000,1.27185,1.27205,0
20210105 060400000,1.27169,1.27189,0
20210105 060500000,1.27233,1.27253,0
20210105 060600000,1.27295,1.27315,0
20210105 060700000,1.27355,1.27375,0
20210105 060800000,1.27327,1.27347,0
20210105 060900000,1.27381,1.27401,0
20210105 061000000,1.27431,1.27451,0
20210105 061100000,1.27477,1.27497,0
20210105 061200000,1.27520,1.27540,0
20210105 061300000,1.27475,1.27495,0
20210105 061400000,1.27511,1.27531,0
20210105 061500000,1.27542,1.27562,0
20210105 061600000,1.27569,1.27589,0
20210105 061700000,1.27509,1.27529,0
20210105 061800000,1.27528,1.27548,0
20210105 061900000,1.27543,1.27563,0
20210105 062000000,1.27555,1.27575,0
20210105 062100000,1.27562,1.27582,0
20210105 062200000,1.27481,1.27501,0
20210105 062300000,1.27481,1.27501,0
20210105 062400000,1.27477,1.27497,0
20210105 062500000,1.27469,1.27489,0
20210105 062600000,1.27458,1.27478,0
20210105 062700000,1.27360,1.27380,0
20210105 062800000,1.27342,1.27362,0
20210105 062900000,1.27321,1.27341,0
20210105 063000000,1.27298,1.27318,0
20210105 063100000,1.27189,1.27209,0
20210105 063200000,1.27161,1.27181,0
20210105 063300000,1.27131,1.27151,0
20210105 063400000,1.27099,1.27119,0
20210105 063500000,1.27066,1.27086,0
20210105 063600000,1.26948,1.26968,0
20210105 063700000,1.26912,1.26932,0
20210105 063800000,1.26876,1.26896,0
20210105 063900000,1.26840,1.26860,0
20210105 064000000,1.26719,1.26739,0
20210105 064100000,1.26683,1.26703,0
20210105 064200000,1.26647,1.26667,0
20210105 064300000,1.26611,1.26631,0
20210105 064400000,1.26577,1.26597,0
20210105 064500000,1.26460,1.26480,0
20210105 064600000,1.26428,1.26448,0
20210105 064700000,1.26398,1.26418,0
20210105 064800000,1.26370,1.26390,0
20210105 064900000,1.26343,1.26363,0
20210105 065000000,1.26236,1.26256,0
20210105 065100000,1.26214,1.26234,0
20210105 065200000,1.26196,1.26216,0
20210105 065300000,1.26180,1.26200,0
20210105 065400000,1.26083,1.26103,0
20210105 065500000,1.26073,1.26093,0
20210105 065600000,1.26066,1.26086,0
20210105 065700000,1.26062,1.26082,0
20210105 065800000,1.26061,1.26081,0
20210105 065900000,1.25980,1.26000,0
20210105 070000000,1.25985,1.26005,0
20210105 070100000,1.25994,1.26014,0
20210105 070200000,1.26006,1.26026,0
20210105 070300000,1.25937,1.25957,0
20210105 070400000,1.25955,1.25975,0
20210105 070500000,1.25976,1.25996,0
20210105 070600000,1.26000,1.26020,0
20210105 070700000,1.26026,1.26046,0
20210105 070800000,1.25972,1.25992,0
20210105 070900000,1.26003,1.26023,0
20210105 071000000,1.26036,1.26056,0
20210105 071100000,1.26071,1.26091,0
20210105 071200000,1.26108,1.26128,0
20210105 071300000,1.26063,1.26083,0
20210105 071400000,1.26103,1.26123,0
20210105 071500000,1.26143,1.26163,0
20210105 071600000,1.26185,1.26205,0
20210105 071700000,1.26143,1.26163,0
20210105 071800000,1.26186,1.26206,0
20210105 071900000,1.26228,1.26248,0
20210105 072000000,1.26270,1.26290,0
20210105 072100000,1.26311,1.26331,0
20210105 072200000,1.26268,1.26288,0
20210105 072300000,1.26308,1.26328,0
20210105 072400000,1.26346,1.26366,0
20210105 072500000,1.26383,1.26403,0
20210105 072600000,1.26334,1.26354,0
20210105 072700000,1.26367,1.26387,0
20210105 072800000,1.26397,1.26417,0
20210105 072900000,1.26425,1.26445,0
20210105 073000000,1.26451,1.26471,0
20210105 073100000,1.26390,1.26410,0
20210105 073200000,1.26410,1.26430,0
20210105 073300000,1.26426,1.26446,0
20210105 073400000,1.26440,1.26460,0
20210105 073500000,1.26450,1.26470,0
20210105 073600000,1.26373,1.26393,0
20210105 073700000,1.26376,1.26396,0
20210105 073800000,1.26375,1.26395,0
20210105 073900000,1.26371,1.26391,0
20210105 074000000,1.26280,1.26300,0
20210105 074100000,1.26269,1.26289,0
20210105 074200000,1.26255,1.26275,0
20210105 074300000,1.26237,1.26257,0
20210105 074400000,1.26215,1.26235,0
20210105 074500000,1.26107,1.26127,0
20210105 074600000,1.26079,1.26099,0
20210105 074700000,1.26048,1.26068,0
20210105 074800000,1.26015,1.26035,0
20210105 074900000,1.25895,1.25915,0
20210105 075000000,1.25856,1.25876,0
20210105 075100000,1.25815,1.25835,0
20210105 075200000,1.25771,1.25791,0
20210105 075300000,1.25726,1.25746,0
20210105 075400000,1.25596,1.25616,0
20210105 075500000,1.25548,1.25568,0
20210105 075600000,1.25499,1.25519,0
20210105 075700000,1.25449,1.25469,0
20210105 075800000,1.25399,1.25419,0
20210105 075900000,1.25264,1.25284,0
20210105 080000000,1.25214,1.25234,0
20210105 080100000,1.25163,1.25183,0
20210105 080200000,1.25114,1.25134,0
20210105 080300000,1.24981,1.25001,0
20210105 080400000,1.24933,1.24953,0
20210105 080500000,1.24887,1.24907,0
20210105 080600000,1.24842,1.24862,0
20210105 080700000,1.24799,1.24819,0
20210105 080800000,1.24675,1.24695,0
20210105 080900000,1.24637,1.24657,0
20210105 081000000,1.24601,1.24621,0
20210105 081100000,1.24569,1.24589,0
20210105 081200000,1.24455,1.24475,0
20210105 081300000,1.24429,1.24449,0
20210105 081400000,1.24405,1.24425,0
20210105 081500000,1.24385,1.24405,0
20210105 081600000,1.24369,1.24389,0
20210105 081700000,1.24273,1.24293,0
20210105 081800000,1.24264,1.24284,0
20210105 081900000,1.24259,1.24279,0
20210105 082000000,1.24258,1.24278,0
20210105 082100000,1.24261,1.24281,0
20210105 082200000,1.24184,1.24204,0
20210105 082300000,1.24194,1.24214,0
20210105 082400000,1.24209,1.24229,0
20210105 082500000,1.24227,1.24247,0
20210105 082600000,1.24165,1.24185,0
20210105 082700000,1.24190,1.24210,0
20210105 082800000,1.24218,1.24238,0
20210105 082900000,1.24250,1.24270,0
20210105 083000000,1.24285,1.24305,0
20210105 083100000,1.24239,1.24259,0
20210105 083200000,1.24280,1.24300,0
20210105 083300000,1.24323,1.24343,0
20210105 083400000,1.24369,1.24389,0
20210105 083500000,1.24332,1.24352,0
20210105 083600000,1.24382,1.24402,0
20210105 083700000,1.24433,1.24453,0
20210105 083800000,1.24485,1.24505,0
20210105 083900000,1.24538,1.24558,0
20210105 084000000,1.24509,1.24529,0
20210105 084100000,1.24563,1.24583,0
20210105 084200000,1.24618,1.24638,0
20210105 084300000,1.24673,1.24693,0
20210105 084400000,1.24728,1.24748,0
20210105 084500000,1.24698,1.24718,0
20210105 084600000,1.24752,1.24772,0
20210105 084700000,1.24804,1.24824,0
20210105 084800000,1.24855,1.24875,0
20210105 084900000,1.24821,1.24841,0
20210105 085000000,1.24869,1.24889,0
20210105 085100000,1.24915,1.24935,0
20210105 085200000,1.24958,1.24978,0
20210105 085300000,1.25000,1.25020,0
20210105 085400000,1.24955,1.24975,0
20210105 085500000,1.24992,1.25012,0
20210105 085600000,1.25025,1.25045,0
20210105 085700000,1.25056,1.25076,0
20210105 085800000,1.25001,1.25021,0
20210105 085900000,1.25026,1.25046,0
20210105 090000000,1.25048,1.25068,0
20210105 090100000,1.25067,1.25087,0
20210105 090200000,1.25082,1.25102,0
20210105 090300000,1.25012,1.25032,0
20210105 090400000,1.25021,1.25041,0
20210105 090500000,1.25028,1.25048,0
20210105 090600000,1.25032,1.25052,0
20210105 090700000,1.25033,1.25053,0
20210105 090800000,1.24948,1.24968,0
20210105 090900000,1.24945,1.24965,0
20210105 091000000,1.24938,1.24958,0
20210105 091100000,1.24930,1.24950,0
20210105 091200000,1.24836,1.24856,0
20210105 091300000,1.24823,1.24843,0
20210105 091400000,1.24809,1.24829,0
20210105 091500000,1.24794,1.24814,0
20210105 091600000,1.24778,1.24798,0
20210105 091700000,1.24677,1.24697,0
20210105 091800000,1.24659,1.24679,0
20210105 091900000,1.24640,1.24660,0
